label;P;P_set
work netto;-149999999.99999988;True
fuel input;385138388.94580495;False
